filename,ground_truth_raw,ground_truth_normalized,known_or_ood,mnb_prediction,logreg_prediction,lsvc_prediction,lsvc_decision_margin,lsvc_correct
Air India Web Booking eTicket (9WSBWJ) - TANISH.pdf,OOD,OOD,OOD,Business & Finance,Technology & Computing,Technology & Computing,0.5093,False
ID card 25 Mar 2025.pdf,OOD,OOD,OOD,Technology & Computing,Technology & Computing,Technology & Computing,1.0172,False
LAB MANUAL.pdf,Science & Academics,Science & Academics,Known,Technology & Computing,Technology & Computing,Technology & Computing,1.2099,False
MANVI_BIODATA.pdf,OOD,OOD,OOD,Medical Health,Medical Health,Medical Health,0.3126,False
Major Project Synopsis.pdf,Technology & Computing,Technology & Computing,Known,Technology & Computing,Technology & Computing,Technology & Computing,3.1,True
Receipt_13Jul2025_130649.pdf,OOD,OOD,OOD,Business & Finance,Business & Finance,Business & Finance,0.5868,False
Speaker1_What_to_Speak_Only.docx,Medical Health,Medical Health,Known,Medical Health,Medical Health,Medical Health,0.9406,True
Syllabus.pdf,Science & Academics,Science & Academics,Known,Technology & Computing,Technology & Computing,Technology & Computing,2.0217,False
TANISH_ARORA_CV_OLD.pdf,OOD,OOD,OOD,Technology & Computing,Technology & Computing,Technology & Computing,3.1643,False
back-of-the-napkin.pdf,Business and Finance,Business & Finance,Known,Technology & Computing,Science & Academics,Science & Academics,0.3585,False
MANVI_BIODATA.pdf,OOD,OOD,OOD,Medical Health,Medical Health,Medical Health,0.3126,False
01_Technology_Computing.pdf,Technology & Computing,Technology & Computing,Known,Technology & Computing,Technology & Computing,Technology & Computing,1.7016,True
02_Medical_Health.pdf,Medical Health,Medical Health,Known,Medical Health,Medical Health,Medical Health,2.7517,True
03_Business_Finance.pdf,Business and Finance,Business & Finance,Known,Business & Finance,Business & Finance,Business & Finance,3.6582,True
04_Entertainment.pdf,Entertainment,Entertainment,Known,Entertainment,Entertainment,Entertainment,5.3931,True
05_Sports.pdf,Sports,Sports,Known,Sports,Sports,Sports,5.6723,True
06_Science.pdf,Science,Science & Academics,Known,Science & Academics,Science & Academics,Science & Academics,3.1474,True
ood_miscellaneous_doc.pdf,OOD,OOD,OOD,Technology & Computing,Technology & Computing,Technology & Computing,0.4695,False
