filename,ground_truth_normalized,known_or_ood,combined_prediction,decision_margin,correct
Air India Web Booking eTicket (9WSBWJ) - TANISH.pdf,OOD,OOD,Technology & Computing,0.697,False
ID card 25 Mar 2025.pdf,OOD,OOD,Technology & Computing,1.1161,False
LAB MANUAL.pdf,Science & Academics,Known,Science & Academics,0.6101,True
MANVI_BIODATA.pdf,OOD,OOD,Medical Health,0.1865,False
Major Project Synopsis.pdf,Technology & Computing,Known,Technology & Computing,2.5057,True
Receipt_13Jul2025_130649.pdf,OOD,OOD,Business & Finance,0.5401,False
Speaker1_What_to_Speak_Only.docx,Medical Health,Known,Medical Health,1.6099,True
Syllabus.pdf,Science & Academics,Known,Science & Academics,1.9705,True
TANISH_ARORA_CV_OLD.pdf,OOD,OOD,Technology & Computing,3.1106,False
back-of-the-napkin.pdf,Business & Finance,Known,Medical Health,1.6049,False
MANVI_BIODATA.pdf,OOD,OOD,Medical Health,0.1865,False
01_Technology_Computing.pdf,Technology & Computing,Known,Technology & Computing,2.2394,True
02_Medical_Health.pdf,Medical Health,Known,Medical Health,2.8379,True
03_Business_Finance.pdf,Business & Finance,Known,Business & Finance,3.9533,True
04_Entertainment.pdf,Entertainment,Known,Entertainment,5.3635,True
05_Sports.pdf,Sports,Known,Sports,5.673,True
06_Science.pdf,Science & Academics,Known,Science & Academics,3.4298,True
ood_miscellaneous_doc.pdf,OOD,OOD,Technology & Computing,0.609,False
