Dataset Name,Source URL,License,Approx Total Size,Approx Usable Documents,Native Format,Text Directly Available,OCR Required,Label Generation Method,Original Taxonomy / Structure,Target Production Class,Est Usable Samples per Class,Doc-Level Classification Appropriate,Duplication / Syndication Risk,Data Leakage Risk,Train / Val / Test Separation Available,Recommended Role,License / Reuse Concerns,Major Limitations,Confidence Level
RVL-CDIP,https://huggingface.co/datasets/aharley/rvl_cdip,CC0 / Public Domain (Legacy Tobacco),38 GB (400k images),~150000 (relevant subset),Grayscale TIFF/JPEG,No,Yes (OCR Required),Human / source-derived from tobacco document filing metadata,16 classes: advertisement budget email file_folder form handwritten invoice letter memo news_article presentation questionnaire resume scientific_publication scientific_report specification,Academic & Educational (scientific_publication/report); Financial & Receipts (invoice/budget); Administrative & ID (form/questionnaire/memo); Tech (specification); Career (resume),~5000-15000 per mapped class,Yes,Low,Low if standard split used,Yes (Official: 320k train / 40k val / 40k test),Benchmark & Selective Pre-OCR Sampling,None (public domain),Image-only format requires substantial OCR compute; historical 1980s-90s scanned tobacco litigation documents; visual artifacts,Medium
SROIE (ICDAR 2019 Task 1-3),https://huggingface.co/datasets/jsdnrs/ICDAR2019-SROIE,CC-BY-4.0,2 GB (1000 images + text),973,JPG + TXT/JSON annotations,Yes (OCR transcriptions included),No (Pre-transcribed in dataset annotations),Human-verified OCR transcription & key fields (company date address total),Task-oriented receipt extraction (single document type: receipts),Financial & Receipts,~973,Yes,Low,Low (distinct retail stores),Yes (Official: 626 train / 347 test),Training & Benchmarking,None (standard academic benchmark),Geographically centered in Southeast Asia (MYR currency); receipts only (no bank statements or corporate invoices),High
CORD (Consolidated Receipt Dataset),https://huggingface.co/datasets/naver-clova-ix/cord-v2,CC-BY-4.0,1.5 GB (1000 standard split; 11k full),1000 (standard split),JPG + JSON annotations,Yes (JSON OCR tokens included),No (Pre-transcribed in annotations),Human annotated (word bounding boxes and semantic tags),Token-level hierarchical parsing (menu subtotal total void),Financial & Receipts,~800-1000,Yes,Low,Low,Yes (Official: 800 train / 100 val / 100 test),Evaluation / Benchmark Only (Not Primary Train),None,Predominantly Indonesian language (Bahasa Indonesia) receipts with IDR currency; introduces linguistic domain shift if used for English desktop sorting,Medium
MTSamples,https://www.kaggle.com/datasets/tboyle10/medical-transcriptions,CC0 / Public Domain (mtsamples.com),14 MB (CSV),4966,CSV (Plain Text),Yes,No,Source-derived (transcriptionist categorized),40 clinical specialties: Surgery Consult-H&P Cardiovascular Orthopedic Radiology Neurology etc.,Medical & Healthcare,~4966,Yes,Low to Moderate (some template phrases),Low,No official split (random stratified required),Primary Training & Validation,None (public medical reference samples),Transcribed spoken clinical dictations rather than laboratory tabular printouts; clinical notes style,High
PubMed Central (PMC) OA Subset,https://www.ncbi.nlm.nih.gov/pmc/tools/openftlist/,Mixed CC (CC0 CC-BY CC-BY-NC per article),Terabytes (>4M papers; selective sampling required),Millions (Sample: ~3000),JATS XML / BioC JSON / PDF / TXT,Yes (BioC API / S3),No,Journal publication metadata,Biomedical scholarly research articles and clinical trials,Academic & Educational (Scholarly Research) or Medical Benchmark,~3000 (sampled),Yes,Low,Low,No official split (must stratify by journal/date),Academic Training & Medical Domain Benchmark,Variable license per article; commercial vs non-commercial restrictions,Scholarly research papers (IMRaD format) do NOT equal clinical desktop documents; risk of topical-vs-functional confusion if mapped to Medical,High
OpenStax Textbooks,https://openstax.org,CC BY 4.0 / CC BY-NC-SA 4.0,15 GB (50+ textbooks),~1200-1500 (chapter units),PDF / Web HTML / CNXML,Yes,No,Expert educational authors & peer reviewers,Textbooks across 5 subjects (Math Science Social Sciences Humanities Business),Academic & Educational,~1200-1500,Yes (at chapter/section level),Low,Low,No official split (split by book/chapter),Primary Training & Validation,Attribution required (CC-BY),Textbook chapters are very long (must be chunked or sublinear-TF scaled); limited total sample count (50 books),High
arXiv Open-Access Papers,https://arxiv.org / Kaggle OAI Snapshot,Varied (CC0 metadata; individual CC licenses on full text),5 GB metadata; Terabytes full text,Millions (Sample: ~2500),PDF / TeX / JSON metadata,Yes,No,Author/moderator categorized scholarly preprints,Scientific categories: cs.AI physics math q-bio stat econ,Academic & Educational,~2500 (sampled),Yes,Low,Low,No official split (split by arXiv ID/year),Training & Academic Benchmark,Full-text redistribution rights vary; must filter by explicit CC-BY license,Scientific research preprints are long and academic; does not represent short student notes or syllabi,High
GitHub Technical Documentation,https://huggingface.co/datasets/bigcode/the-stack,Permissive Open Source (MIT Apache BSD),Terabytes (Selective sample: ~500 MB),Millions (Sample: ~3000),Markdown (MD) / RST / TXT,Yes,No,Source-derived (repository documentation files),Developer documentation READMEs API guides architecture docs,Technology & Technical Docs,~3000-5000 (sampled),Yes,Moderate (boilerplate licenses/badges require cleaning),Low if split by repository,No official split (must group-split by repo),Primary Training & Validation,Must filter to permissively licensed repositories,Markdown syntax (badges links tables) requires text normalization; some READMEs are short stubs,High
Resume Classification Dataset (Kaggle/HF),https://www.kaggle.com/datasets/gauravduttakiit/resume-dataset,CC0 / Public Domain / Community,5 MB (CSV),~1000-2400 (depending on variant),CSV (Plain Text),Yes,No,Human curated / job portal de-identified,25 job categories (Data Science HR Sales Java Developer etc.),Career & Professional,~1000-2400,Yes,Moderate (some template resumes),Low,No official split (random stratified required),Primary Training & Validation,Verify community upload provenance,Occupational labels must be collapsed into single functional Career class; resumes have diverse formatting,High
CareerCorpus,https://data.mendeley.com/datasets/p95m24c3n8/1,CC-BY-4.0,12 MB (Excel),302,Excel (.xlsx) / Plain Text,Yes,No,Dual human expert verified annotation,6 occupational categories: Teacher Finance Apparel Accountant Banking Research Assistant,Career & Professional,302,Yes,Low,Low,No official split,Evaluation & Test Benchmark Only,None,Small sample size (302 docs) makes it unsuitable for standalone training; ideal as a gold-standard test set,High
CUAD (Contract Understanding Atticus Dataset),https://huggingface.co/datasets/theatticusproject/cuad,CC BY 4.0,1.2 GB (PDF + TXT),510 contracts,PDF / TXT / CSV / JSON,Yes (TXT provided),No,Expert legal annotation (Stanford Law / Atticus Project),41 contract clause categories across corporate agreements,Administrative & Identification,510,Yes,Low,Low,Yes (Official: 410 train / 100 test),Primary Training & Administrative Benchmark,None (explicit CC-BY-4.0),Document length is very long (commercial contracts ~10-40 pages); limited count (510 docs); covers legal subset of admin,High
superdoc/docx-corpus,https://huggingface.co/datasets/superdoc-dev/docx-corpus,ODC-BY (Open Data Commons Attribution),250 GB (736k files in Parquet),~250000 (English subset),Native Word DOCX (Parquet text),Yes,No,Automatic / Model-generated (XLM-RoBERTa pseudo-labels),10 doc types (legal forms reports policies educational correspondence technical administrative creative reference) & 9 topics,Multi-Class: Academic (educational); Financial (finance); Administrative (forms/legal/policies); Tech (technical),~5000-20000 per class,Yes,Moderate (web scraped DOCX files),Moderate,No official split (must deduplicate & group-split),Primary Multi-Class Training (Filtered Subset),ODC-BY attribution required,Labels are model-generated (pseudo-labels) not ground truth; requires strict confidence thresholding & text cleaning,High
