Document Type,Real-World Example,V1 News Model Prediction,V1 Failure Mode,Proposed V2 Category,Key Lexical Features,OOD Risk Level,Recommended Routing Action
College Online Payment Receipt,PDFPrint.pdf,Technology & Computing (margin 0.694),Semantic Mismatch: Student degree keywords ('computer science') dominated receipt metadata; all class scores were negative (-0.016 to -0.97),Financial & Receipts,"receipt, transaction id, order id, paid, fee, total, hdfc, inr, tuition, payment",High,Auto-sort if confidence high; stage in _pending if ambiguous
Student Identity Card,ID card 25 Mar 2025.pdf,Technology & Computing (margin 0.0006),Severe OOD & Text Sparsity: Only 130 characters; barcode noise and degree title; margin near zero,Administrative & Identification,"identity card, valid till, enrollment, student id, dob, issued, roll no, signature",Extreme,Stage in _pending for manual review (short text < 200 chars)
Online Course Certificate,COURSERA SDV.pdf,Technology & Computing (margin 0.130),Taxonomy Gap: Academic credential lacks dedicated category; forced into tech,Academic & Educational,"certificate of completion, authorized by, coursera, verify at, grade achieved, instructor, credential",Moderate,Auto-sort to Academic or Career Credentials
Academic Lecture Slides,morphological_Image_Processing.pdf,Technology & Computing (margin 0.264),Taxonomy Ambiguity: Computer vision lecture split between Science and Technology; low margin,Academic & Educational,"lecture, morphology, definition, algorithm, theorem, exercise, dilation, erosion, chapter, slides",Moderate,Auto-sort to Academic & Educational (with Tech tag)
Coding Exercise / Code Snippets,Python Basic Programs.pdf,Technology & Computing (margin 0.178),Granularity Mismatch: Basic programming examples had weak corporate tech news signals; margin only 0.18,Technology & Computing,"def, import, print, function, return, class, syntax, loop, array, python",Low,Auto-sort to Technology & Computing
Course Syllabus,Syllabus.pdf,Technology & Computing or Business,Multi-domain Bleed: Course outline blends project management finance with academic curriculum,Academic & Educational,"syllabus, course objectives, credits, grading policy, prerequisites, textbook, weekly schedule, exam",Moderate,Auto-sort to Academic & Educational
Commercial Invoice,Vendor_Invoice_INV2024.pdf,Business and Finance or Technology,Domain Mismatch: Corporate financial news vocabulary differs from tabular line-item billing,Financial & Receipts,"invoice number, bill to, ship to, due date, subtotal, tax, amount due, balance, terms",Low,Auto-sort to Financial & Receipts
Bank Account Statement,HDFC_Bank_Statement_Jan.pdf,Business and Finance,Partial Match: Financial signals present but personal banking differs from macroeconomic news,Financial & Receipts,"account statement, balance, withdrawal, deposit, transaction, ifsc, opening balance, closing balance",Low,Auto-sort to Financial & Receipts
Doctor Prescription / Rx,Prescription_Clinic.pdf,Medical Health,Format Mismatch: Clinical dosage and handwritten/scanned layout differs from medical news,Medical & Healthcare,"rx, dosage, tablet, mg, twice daily, patient name, doctor, clinic, signature, refill",Moderate,Auto-sort to Medical & Healthcare
Diagnostic Blood Test Report,Lab_Report_CBC.pdf,Medical Health,Lexical Concentration: High medical jargon matches news health vocabulary,Medical & Healthcare,"hemoglobin, wbc, rbc, platelets, reference range, serum, specimen, pathology, fasting",Low,Auto-sort to Medical & Healthcare
Software Technical Manual,Docker_Kubernetes_Guide.docx,Technology & Computing,Strong Lexical Match: Technical engineering terminology aligns with tech corpus,Technology & Computing,"docker, container, cluster, deployment, configuration, cli, endpoint, yaml, port, architecture",Low,Auto-sort to Technology & Computing
Resume / Curriculum Vitae,Resume_Software_Engineer.pdf,Technology & Computing,Contextual Drift: Candidate technical skills force routing to Tech rather than HR/Career,Career & Professional,"education, experience, skills, projects, summary, gpa, contact, employment history, certifications",High,Auto-sort to Career & Professional (or stage if ambiguous)
Government ID (Passport / Aadhaar),Aadhaar_Card_Scan.pdf,Unknown or Random Class,Zero Extraction / Scanned Image: Flat raster scan yields empty text without OCR,Administrative & Identification,"government of, republic, date of birth, identity, card number, nationality, residential address",Extreme,OCR fallback required; stage in _pending
Employment Offer Letter,Offer_Letter_TechCorp.pdf,Business and Finance,Domain Overlap: Contains salary (Finance), job title (Tech), and corporate policy,Career & Professional,"offer of employment, compensation, base salary, start date, benefits, reporting to, confidentiality",Moderate,Auto-sort to Career & Professional
Scientific Research Paper,ArXiv_Quantum_Physics.pdf,Science,Strong Lexical Match: Academic research abstracts align with Science news corpus,Academic & Educational,"abstract, introduction, methodology, results, discussion, references, arxiv, doi, figure, equation",Low,Auto-sort to Academic or Science
Legal Contract / NDA,Mutual_NDA_Draft.docx,Business and Finance,Severe OOD: Legal boilerplate entirely absent from news training data,Administrative & Legal,"agreement, non-disclosure, governing law, jurisdiction, indemnification, party, covenants",High,Stage in _pending for manual review
Apartment Lease Agreement,Rent_Agreement.pdf,Business and Finance,OOD: Real estate contracts lack corporate news tokens; routes arbitrarily,Administrative & Legal,"lease agreement, landlord, tenant, premises, rent, security deposit, term, utility",High,Stage in _pending for manual review
Scanned Handwritten Notes,Class_Notes_Math.pdf,Empty / Random Class,Extraction Failure: PyPDF2 extracts 0 bytes from scanned handwriting,Academic & Educational,"handwritten math equations, theorems, proofs, diagrams",Extreme,Trigger OCR warning; route to _pending as unextractable
Sports League Schedule,Tournament_Bracket.pdf,Sports,Strong Match: Sports team and fixture tokens match news vocabulary,Sports & Recreation,"fixtures, tournament, semi-final, round robin, seed, championship, points table, stadium",Low,Auto-sort to Sports & Recreation
Movie / Concert Ticket,BookMyShow_Ticket.pdf,Entertainment or Business,Severe OOD: Short barcode ticket with venue and cinema details,Entertainment & Media,"admit one, screen, audi, seat, row, booking id, showtime, cinema, hall, ticket",High,Stage in _pending for manual review
