source_dataset,source_label,docsort_label,action,justification
BBC News,business,Business and Finance,ACCEPT,Direct topical alignment of BBC 'business' to DocSort 'Business and Finance'
BBC News,entertainment,Entertainment,ACCEPT,Direct topical alignment of BBC 'entertainment' to DocSort 'Entertainment'
BBC News,sport,Sports,ACCEPT,Direct topical alignment of BBC 'sport' to DocSort 'Sports'
BBC News,tech,Technology & Computing,ACCEPT,Direct topical alignment of BBC 'tech' to DocSort 'Technology & Computing'
BBC News,politics,REJECTED,REJECT,Politics is outside the six-category taxonomy
MTSamples,All Medical Specialties,Medical Health,ACCEPT,Anonymized medical transcription reports map directly to Medical Health
20 Newsgroups,alt.atheism,REJECTED,REJECT,Usenet group 'alt.atheism' is unaligned or outside the six-category taxonomy
20 Newsgroups,comp.graphics,Technology & Computing,ACCEPT,Usenet group 'comp.graphics' maps directly to DocSort 'Technology & Computing'
20 Newsgroups,comp.os.ms-windows.misc,Technology & Computing,ACCEPT,Usenet group 'comp.os.ms-windows.misc' maps directly to DocSort 'Technology & Computing'
20 Newsgroups,comp.sys.ibm.pc.hardware,Technology & Computing,ACCEPT,Usenet group 'comp.sys.ibm.pc.hardware' maps directly to DocSort 'Technology & Computing'
20 Newsgroups,comp.sys.mac.hardware,Technology & Computing,ACCEPT,Usenet group 'comp.sys.mac.hardware' maps directly to DocSort 'Technology & Computing'
20 Newsgroups,comp.windows.x,Technology & Computing,ACCEPT,Usenet group 'comp.windows.x' maps directly to DocSort 'Technology & Computing'
20 Newsgroups,misc.forsale,REJECTED,REJECT,Usenet group 'misc.forsale' is unaligned or outside the six-category taxonomy
20 Newsgroups,rec.autos,REJECTED,REJECT,Usenet group 'rec.autos' is unaligned or outside the six-category taxonomy
20 Newsgroups,rec.motorcycles,REJECTED,REJECT,Usenet group 'rec.motorcycles' is unaligned or outside the six-category taxonomy
20 Newsgroups,rec.sport.baseball,Sports,ACCEPT,Usenet group 'rec.sport.baseball' maps directly to DocSort 'Sports'
20 Newsgroups,rec.sport.hockey,Sports,ACCEPT,Usenet group 'rec.sport.hockey' maps directly to DocSort 'Sports'
20 Newsgroups,sci.crypt,Science,ACCEPT,Usenet group 'sci.crypt' maps directly to DocSort 'Science'
20 Newsgroups,sci.electronics,Science,ACCEPT,Usenet group 'sci.electronics' maps directly to DocSort 'Science'
20 Newsgroups,sci.med,Medical Health,ACCEPT,Usenet group 'sci.med' maps directly to DocSort 'Medical Health'
20 Newsgroups,sci.space,Science,ACCEPT,Usenet group 'sci.space' maps directly to DocSort 'Science'
20 Newsgroups,soc.religion.christian,REJECTED,REJECT,Usenet group 'soc.religion.christian' is unaligned or outside the six-category taxonomy
20 Newsgroups,talk.politics.guns,REJECTED,REJECT,Usenet group 'talk.politics.guns' is unaligned or outside the six-category taxonomy
20 Newsgroups,talk.politics.mideast,REJECTED,REJECT,Usenet group 'talk.politics.mideast' is unaligned or outside the six-category taxonomy
20 Newsgroups,talk.politics.misc,REJECTED,REJECT,Usenet group 'talk.politics.misc' is unaligned or outside the six-category taxonomy
20 Newsgroups,talk.religion.misc,REJECTED,REJECT,Usenet group 'talk.religion.misc' is unaligned or outside the six-category taxonomy
Reuters-21578,"earn, acq, money-fx, interest, trade",Business and Finance,ACCEPT,Financial & commercial news topics map directly to Business and Finance
Reuters-21578,"Other non-financial topics (grain, cocoa, etc.)",REJECTED,REJECT,Commodity logistics & non-finance articles discarded
