True Class,Predicted Class,Error Count,Percentage of True Class
Business and Finance,Technology & Computing,32,4.96
Science,Medical Health,21,3.26
Technology & Computing,Business and Finance,18,2.79
Science,Business and Finance,14,2.17
Technology & Computing,Science,12,1.86
Medical Health,Science,11,1.71
Science,Technology & Computing,11,1.71
Technology & Computing,Entertainment,8,1.24
Business and Finance,Entertainment,8,1.24
Entertainment,Medical Health,7,1.09
Business and Finance,Sports,7,1.09
Medical Health,Entertainment,6,0.93
Business and Finance,Science,6,0.93
Business and Finance,Medical Health,6,0.93
Sports,Science,6,0.93
Entertainment,Sports,5,0.78
Sports,Entertainment,4,0.62
Sports,Technology & Computing,4,0.62
Entertainment,Technology & Computing,4,0.62
Science,Entertainment,4,0.62
Medical Health,Sports,4,0.62
Entertainment,Science,3,0.47
Entertainment,Business and Finance,3,0.47
Technology & Computing,Medical Health,3,0.47
Medical Health,Business and Finance,2,0.31
Sports,Business and Finance,1,0.16
Science,Sports,1,0.16
Medical Health,Technology & Computing,1,0.16
Technology & Computing,Sports,1,0.16
Sports,Medical Health,0,0.0
